label,roll,pitch,yaw,gx,gy,gz,ax,ay,az,flex0,flex1,flex2,flex3,flex4,index_inside,middle_fingerprint,middle_inside_to_ring,ring_tape
D,-7.745412825329826,18.947911968164032,-0.9940202579504372,2.3594118267843944,0.3340134379287295,0.661624511907693,-0.931396484375,-0.196044921875,-0.031494140625,681,668,1022,1023,918,0,0,0,0
D,-7.7632102329925905,18.993684715192668,-1.000956639156147,-0.7856263411545368,1.089738628768424,-0.2467724346571924,-0.926513671875,-0.19970703125,-0.02978515625,687,665,1023,1023,919,0,0,0,0
D,-7.764774164429741,19.02731466252648,-0.9988776095633254,0.4586484680057686,-0.2461392338269956,0.4020825271748686,-0.9453125,-0.178466796875,-0.046630859375,684,665,1022,1021,916,0,0,0,0
D,-7.753826608095122,19.06155460772968,-0.9923127336314724,1.5807858725859214,-0.2385056460407361,0.8371970309916625,-0.947998046875,-0.184814453125,-0.03369140625,686,665,1023,1023,917,0,0,0,0
D,-7.769138630758767,19.100522346585763,-0.9991762287754216,-0.6024202342843077,0.4027157280050654,-0.353642663664826,-0.934326171875,-0.18359375,-0.0302734375,686,662,1023,1023,918,0,0,0,0
D,-7.763745333025098,19.144259195743107,-0.9928579610606107,1.1151370176240891,0.7233264150279661,0.9746016111443342,-0.9345703125,-0.205078125,-0.03662109375,685,667,1020,1022,919,0,0,0,0
D,-7.801698110133351,19.175536775356807,-0.994232594024692,-3.045168325887361,-0.4293453406972247,0.058571076793189,-0.936279296875,-0.182861328125,-0.050537109375,686,666,1023,1023,917,0,0,0,0
D,-7.807850395021206,19.208040787465663,-0.9873449601021655,-0.1444049671087351,-0.4140781651247056,0.844830618777922,-0.933349609375,-0.18115234375,-0.034912109375,683,663,1021,1023,919,0,0,0,0
D,-7.802686090558657,19.25353391996837,-0.9812627137859444,1.0082667886164556,0.8836317585394166,0.944067259999296,-0.927734375,-0.179931640625,-0.016845703125,686,664,1022,1023,920,0,0,0,0
D,-7.815526127280653,19.288093321800456,-0.9807944924773894,-0.6253209976430862,-0.1316354170331025,0.2646779470221968,-0.9404296875,-0.176025390625,-0.037109375,688,661,1022,1021,917,0,0,0,0
D,-7.809986712225105,19.338505411818616,-0.9719066729624584,0.9471980863263794,1.3340134379287294,1.2723115348084564,-0.92724609375,-0.17724609375,-0.034912109375,685,664,1023,1023,915,0,0,0,0
D,-7.822208296342219,19.37010786291632,-0.9718523159143084,-0.5260843564217124,-0.4140781651247056,0.1959756569458608,-0.935546875,-0.181396484375,-0.0419921875,685,662,1023,1021,915,0,0,0,0
D,-7.829897967076864,19.41223749170274,-0.971061622544225,-0.113870615963697,0.6164561860203326,0.4020825271748686,-0.93310546875,-0.176025390625,-0.04638671875,684,661,1021,1022,917,0,0,0,0
D,-7.838195838313071,19.44784539867284,-0.9735649773366548,-0.0680690892461397,0.0134027509058287,0.0051359622893722,-0.95068359375,-0.1796875,-0.031494140625,685,665,1022,1021,918,0,0,0,0
D,-7.846722320847767,19.485819334781183,-0.9737562866508768,-0.1596721426812541,0.2195096211348363,0.2570443592359372,-0.9345703125,-0.17822265625,-0.040771484375,683,662,1022,1022,917,0,0,0,0
D,-7.840070287577026,19.53842342122883,-0.969913186877548,1.2525415977767609,1.624089773806592,0.844830618777922,-0.922607421875,-0.18505859375,-0.023681640625,683,664,1023,1023,915,0,0,0,0
D,-7.844387304803352,19.57896481190041,-0.9729738097085134,0.3441446512118755,0.5095859570126989,0.0204031378618914,-0.943359375,-0.176513671875,-0.03759765625,686,660,1023,1023,915,0,0,0,0
D,-7.855723046322859,19.60402359161004,-0.9740007048860164,-0.4115805396278191,-1.0476659513842477,0.0051359622893722,-0.9462890625,-0.1806640625,-0.043701171875,681,660,1023,1022,916,0,0,0,0
D,-7.869417916567176,19.63158175466861,-0.9821143898385414,-0.4268477152003382,-0.7117880887888277,-0.6284518239701695,-0.9326171875,-0.173095703125,-0.04541015625,683,662,1021,1022,918,0,0,0,0
D,-7.858048201664411,19.65212861277076,-0.9776065751860148,1.7410912160973715,-1.5514827452773774,0.4860519928237236,-0.922119140625,-0.195068359375,-0.03857421875,680,661,1022,1021,916,0,0,0,0
D,-7.8621494146806175,19.705066266511302,-0.9785003658952184,0.3136103000668373,1.715692827241707,0.4020825271748686,-0.944091796875,-0.183349609375,-0.024169921875,682,659,1023,1022,917,0,0,0,0
D,-7.862784790125417,19.74579522620036,-0.975363308947952,0.5349843458683641,0.4561508425088821,0.6158229851901358,-0.93896484375,-0.184326171875,-0.039306640625,685,659,1022,1021,915,0,0,0,0
D,-7.879103109994943,19.789906094691403,-0.981866793058358,-0.7169240510782009,0.9141661096844548,-0.239138846870933,-0.93115234375,-0.180419921875,-0.036376953125,680,662,1023,1021,919,0,0,0,0
D,-7.8841233581704815,19.82913071861368,-0.977804868138356,0.069335490906532,0.2958454989974318,0.6845252752664717,-0.951416015625,-0.186767578125,-0.06005859375,681,659,1023,1021,918,0,0,0,0
D,-7.882777099906256,19.86458652500876,-0.972696642999574,0.6494881626622572,-0.0934674781018048,0.7226932141977693,-0.934326171875,-0.178955078125,-0.0400390625,681,660,1023,1023,915,0,0,0,0
D,-7.88228658035645,19.90075828687268,-0.9756563390255152,0.8403278573187457,0.0821050409821646,-0.0177648010694062,-0.927734375,-0.177978515625,-0.045166015625,683,661,1023,1023,917,0,0,0,0
D,-7.883891446145014,19.932312093419903,-0.9796114295711096,0.7105568649523335,-0.3530094628346293,-0.155169381222078,-0.942626953125,-0.19384765625,-0.044677734375,681,658,1023,1023,918,0,0,0,0
D,-7.915304314590699,19.95903752028149,-0.99008368659971,-2.1062370281774374,-0.757589615506385,-0.8498258697716963,-0.9404296875,-0.177734375,-0.034912109375,682,661,1021,1023,917,0,0,0,0
D,-7.926927781867846,20.00094769724724,-0.99402360365983,-0.3505118373377429,0.6622577127378898,-0.0330319766419253,-0.931396484375,-0.175537109375,-0.03857421875,681,662,1023,1021,919,0,0,0,0
D,-7.920184636494452,20.037808812144423,-0.9950744542875092,1.4433812924332496,0.1355401554859814,0.1883420691596014,-0.930419921875,-0.190185546875,-0.048583984375,679,658,1022,1020,919,0,0,0,0
D,-7.93067372786509,20.056950189992392,-0.9935264555876736,-0.3276110739789641,-1.6430857987124918,0.2036092447321205,-0.92822265625,-0.20263671875,-0.0283203125,681,660,1023,1021,918,0,0,0,0
D,-7.945329073499867,20.10616201542046,-0.99071084634948,-0.8619622190171321,1.3034790867836914,0.7074260386252502,-0.94677734375,-0.18505859375,-0.03857421875,687,661,1021,1023,920,0,0,0,0
D,-7.951820733301509,20.145518631615072,-0.9809641323322568,-0.2970767228339259,0.2347767967073554,1.21124283251838,-0.926025390625,-0.1767578125,-0.048095703125,683,660,1023,1021,916,0,0,0,0
D,-7.96250344420578,20.169802158862964,-0.9795361202541,-0.4573820663453765,-1.1545361803918812,0.2188764203046396,-0.93994140625,-0.172119140625,-0.044189453125,683,659,1023,1023,920,0,0,0,0
D,-7.94120598368321,20.2204149107882,-0.9614383054449518,2.26780877334928,1.257677560066134,2.1730748935870823,-0.922607421875,-0.197509765625,-0.039794921875,678,665,1023,1023,915,0,0,0,0
D,-7.959553383310093,20.272301246871592,-0.9666007178307569,-0.9382980968797276,1.6775248883104088,0.0127695500756319,-0.93212890625,-0.1875,-0.03369140625,679,661,1023,1022,918,0,0,0,0
D,-7.963030605560103,20.31480802237099,-0.9569586991335144,-0.0070003869560634,0.5477538959439967,1.2417771836634182,-0.93310546875,-0.1748046875,-0.04833984375,680,658,1022,1021,917,0,0,0,0
D,-7.9620675360358675,20.353323281572585,-0.9478289112102954,0.4052133535019518,0.1508073310585004,1.1196397790832655,-0.9228515625,-0.159423828125,-0.04833984375,681,661,1023,1021,915,0,0,0,0
D,-7.954139739397694,20.39451811293533,-0.954830073185878,1.7258240405248526,0.6393569493791111,-0.3154747247335283,-0.9248046875,-0.17919921875,-0.01904296875,684,659,1023,1023,918,0,0,0,0
D,-7.967430171848638,20.441570473044404,-0.9679929601704392,-0.1596721426812541,1.3034790867836914,-0.7963907552678797,-0.935546875,-0.1865234375,-0.028564453125,679,658,1022,1022,917,0,0,0,0
D,-7.974678504729877,20.475899733184484,-0.9672818573494488,-0.0146339747423229,-0.1316354170331025,0.3257466493122731,-0.933349609375,-0.192626953125,-0.03515625,674,660,1019,1015,913,0,0,0,0
D,-7.975844716199985,20.512379686736143,-0.9561653259496944,0.1838393077004251,-0.0629331269567666,1.3028458859534946,-0.9375,-0.18017578125,-0.0439453125,680,660,1023,1023,918,0,0,0,0
D,-7.965797650950233,20.55662828390945,-0.9390690152205164,1.023533964188975,0.6164561860203326,1.9364336722130364,-0.92626953125,-0.158203125,-0.04638671875,680,658,1023,1023,916,0,0,0,0
D,-7.99125525351786,20.58601635186257,-0.95097565701744,-1.449748478559117,-0.4675132796285224,-0.9337953354205516,-0.929443359375,-0.17529296875,-0.045166015625,678,659,1017,1023,916,0,0,0,0
D,-7.995261407969689,20.61863227010216,-0.9568366266020024,0.4968164069370663,-0.2232384704682171,-0.323108312519788,-0.9296875,-0.17919921875,-0.043212890625,681,658,1023,1022,917,0,0,0,0
D,-7.976325166077156,20.67764747846265,-0.9477735380306104,2.298343124494318,2.204242445562317,1.4402504661061664,-0.941650390625,-0.19091796875,-0.04248046875,681,660,1023,1023,917,0,0,0,0
D,-7.984686629981083,20.727337349012974,-0.9514398284705412,-0.0146339747423229,1.4408836669363632,0.1196397790832655,-0.95068359375,-0.18408203125,-0.036376953125,678,660,1023,1018,916,0,0,0,0
D,-7.99369703472086,20.756717517545034,-0.9529159759300696,-0.1520385548949947,-0.5972842719949346,0.0433039012206701,-0.922119140625,-0.18017578125,-0.031494140625,680,660,1023,1023,916,0,0,0,0
D,-8.00289566041157,20.7905956834198,-0.9522367016148484,-0.2360080205438497,-0.1774369437506598,0.310479473739754,-0.918212890625,-0.182373046875,-0.033447265625,683,659,1023,1023,916,0,0,0,0
D,-8.014889571344824,20.83579280544062,-0.9487253917812836,-0.6176874098568268,0.9065325218981952,0.7303268019840289,-0.94091796875,-0.186279296875,-0.03759765625,679,658,1022,1021,916,0,0,0,0
D,-8.010246349027186,20.87633324204341,-0.9423719756207484,0.8708622084637839,0.3950821402188058,0.8982657332817388,-0.951416015625,-0.167236328125,-0.041015625,682,659,1023,1023,917,0,0,0,0
D,-8.024165223428087,20.90114700549688,-0.946750243194462,-0.5718858831392695,-1.0171316002392097,-0.3002075491610092,-0.925537109375,-0.170654296875,-0.04931640625,679,662,1023,1023,919,0,0,0,0
D,-8.03656521751277,20.913006178225302,-0.9466437568972306,-0.5184507686354527,-2.345375875048369,-0.0406655644281848,-0.9326171875,-0.190185546875,-0.034423828125,680,658,1023,1021,918,0,0,0,0
D,-8.046297377710717,20.94475801707576,-0.9501368524675168,-0.1749393182537733,-0.3377422872621102,-0.1170014422907803,-0.941162109375,-0.177978515625,-0.025634765625,680,658,1022,1023,915,0,0,0,0
D,-8.047753472845068,21.006538067265687,-0.9523929043644048,0.5884194603721808,2.6164561860203324,0.4097161149611281,-0.949951171875,-0.174072265625,-0.024169921875,680,660,1023,1021,918,0,0,0,0
D,-8.04233668368407,21.038795851782307,-0.9519636914371796,1.2449080099905014,-0.3301086994758506,0.2723115348084564,-0.929931640625,-0.187255859375,-0.04248046875,681,657,1023,1023,915,0,0,0,0
D,-8.046266038927055,21.075047628542084,-0.9487407029366164,0.168572132127906,0.0210363386920882,0.5700214584725785,-0.928955078125,-0.17529296875,-0.046875,683,658,1023,1023,915,0,0,0,0
D,-8.057788031402598,21.11152665197762,-0.9481172869983954,-0.480282829704155,0.0821050409821646,0.3410138248847922,-0.9404296875,-0.183349609375,-0.0322265625,677,656,1023,1020,916,0,0,0,0
D,-8.056509180772263,21.144276472988643,-0.9405189073832132,0.519717170295845,-0.3835438139796674,0.9211664966405174,-0.9443359375,-0.17578125,-0.0361328125,679,657,1022,1023,917,0,0,0,0
D,-8.071939141875424,21.17954433101163,-0.93700558169465,-0.9917332113835444,-0.0782003025292857,0.5852886340450976,-0.942626953125,-0.178955078125,-0.036865234375,681,659,1021,1022,915,0,0,0,0
D,-8.067058367159444,21.2114753724427,-0.9252039860896488,0.7563583916698907,-0.5133148063460796,1.310479473739754,-0.933837890625,-0.18212890625,-0.0341796875,681,659,1023,1023,917,0,0,0,0
D,-8.084267346783516,21.231548927628065,-0.9313375204672348,-0.8848629823759109,-1.4675132796285224,-0.5444823583213145,-0.93505859375,-0.1591796875,-0.044189453125,680,659,1021,1022,915,0,0,0,0
D,-8.073416755652607,21.271793429105188,-0.9351365338978824,1.886129384036303,0.5095859570126989,-0.0253983888556657,-0.947509765625,-0.1767578125,-0.022216796875,682,661,1023,1023,917,0,0,0,0
D,-8.081306621304838,21.311009263110577,-0.9389361212247268,0.0617019031202724,0.4179829035775844,-0.0177648010694062,-0.9404296875,-0.189697265625,-0.016357421875,682,658,1023,1022,916,0,0,0,0
D,-8.083398259534007,21.349764713443413,-0.9312820870260022,0.2143736588454633,0.2195096211348363,1.028036725648151,-0.9423828125,-0.185791015625,-0.035888671875,681,659,1021,1023,918,0,0,0,0
D,-8.090594030574898,21.387516674351705,-0.9252512537234778,-0.2665423716888879,0.1355401554859814,0.8524642065641815,-0.926513671875,-0.173828125,-0.046630859375,679,656,1021,1023,917,0,0,0,0
D,-8.086797306901225,21.433342048001645,-0.9188412374843926,0.8097935061737076,0.9294332852569738,0.9975023745031129,-0.9453125,-0.175537109375,-0.03857421875,680,658,1021,1023,919,0,0,0,0
D,-8.086663543048937,21.47936438120724,-0.914436571893014,0.5120835825095854,0.975234811974531,0.8142962676328838,-0.927978515625,-0.17138671875,-0.034912109375,678,656,1021,1022,915,0,0,0,0
D,-8.081978865554431,21.52055137479836,-0.9062189631881538,0.8784957962500435,0.4561508425088821,1.1196397790832655,-0.910400390625,-0.181396484375,-0.0458984375,679,656,1023,1021,911,0,0,0,0
D,-8.08511225033348,21.550449035599065,-0.9020015653079004,0.2601751855630205,-0.6049178597811942,0.6005558096176167,-0.927978515625,-0.190185546875,-0.0400390625,677,656,1022,1023,917,0,0,0,0
D,-8.088887739329277,21.5707721591174,-0.8896579436155739,-0.1825729060400329,-1.67362014985753,1.180708481373342,-0.9287109375,-0.168701171875,-0.032470703125,675,658,1021,1022,915,0,0,0,0
D,-8.103570136777074,21.614437122614493,-0.8966681384631146,-0.6100538220705674,0.8836317585394166,-0.2925739613747498,-0.9482421875,-0.15966796875,-0.0205078125,680,657,1023,1023,917,0,0,0,0
D,-8.108657197311459,21.64991334541905,-0.8989160082090798,0.2754423611355396,0.0286699264783478,0.0738382523657081,-0.943115234375,-0.1865234375,-0.02783203125,678,658,1022,1022,920,0,0,0,0
D,-8.096272891401265,21.707609302155497,-0.8939504312132592,1.7563583916698908,2.135540155485981,1.0509374890069296,-0.931396484375,-0.18505859375,-0.0146484375,679,655,1023,1023,922,0,0,0,0
D,-8.093257653893216,21.75011397150044,-0.8865445981768483,0.702923277166074,0.5935554226615539,1.0509374890069296,-0.94775390625,-0.17919921875,-0.04296875,676,657,1023,1023,917,0,0,0,0
D,-8.097893236564198,21.787020792028937,-0.8781608146698636,-0.0909698526049184,0.0286699264783478,1.0662046645794487,-0.93115234375,-0.178466796875,-0.040283203125,685,658,1023,1023,919,0,0,0,0
D,-8.073831440975804,21.8222626020579,-0.8709532634689345,2.756358391669891,-0.1316354170331025,0.9058993210679984,-0.937744140625,-0.16162109375,-0.036376953125,677,657,1023,1023,915,0,0,0,0
D,-8.070284235067128,21.861483814079644,-0.873025234199626,1.1075034298378297,0.3950821402188058,0.1349069546557846,-0.9267578125,-0.176513671875,-0.02490234375,677,656,1021,1021,920,0,0,0,0
D,-8.069962701071518,21.9005947170796,-0.8735508226755997,0.7716255672424098,0.3721813768600271,0.2952122981672349,-0.923095703125,-0.187255859375,-0.03759765625,679,657,1021,1022,919,0,0,0,0
D,-8.081096069206701,21.93584997814408,-0.8707039945950201,-0.5108171808491933,-0.0552995391705071,0.5471206951137999,-0.926025390625,-0.184814453125,-0.037841796875,679,659,1022,1023,920,0,0,0,0
D,-8.088226070706607,21.97307472781398,-0.8670908497638729,-0.1902064938262924,0.1202729799134623,0.6234565729763953,-0.9228515625,-0.169921875,-0.040283203125,680,659,1021,1021,917,0,0,0,0
D,-8.080718524888729,22.00632691971788,-0.8657707928418995,1.3746790023569138,-0.2385056460407361,0.3639145882435708,-0.94384765625,-0.179443359375,-0.02197265625,679,662,1023,1023,920,0,0,0,0
D,-8.083451064978354,22.04469803797332,-0.8696084800286924,0.5349843458683641,0.3340134379287295,-0.0406655644281848,-0.93017578125,-0.174072265625,-0.0263671875,678,656,1022,1021,920,0,0,0,0
D,-8.097726681962042,22.07125562131352,-0.8740936849017408,-0.5871530587117886,-0.8262919055827209,-0.2620396102297115,-0.92724609375,-0.1748046875,-0.03955078125,679,657,1021,1022,919,0,0,0,0
D,-8.100774616954428,22.09064739009248,-0.8722503703780844,0.2830759489217991,-1.6201850353537133,0.2112428325183799,-0.937255859375,-0.173095703125,-0.03173828125,680,656,1022,1022,921,0,0,0,0
D,-8.098667462623865,22.11917015739625,-0.8686040417435464,0.7563583916698907,-0.7346888521476064,0.5165863439687617,-0.94970703125,-0.1826171875,-0.033203125,680,656,1021,1022,918,0,0,0,0
D,-8.085199061690744,22.187428562658216,-0.8659950562421603,1.9166637351813407,3.211876033348577,0.9746016111443342,-0.93212890625,-0.176025390625,-0.01953125,678,658,1021,1023,920,0,0,0,0
D,-8.090617493794257,22.236268932573665,-0.868488233419521,0.1838393077004251,1.3492806135012485,0.2188764203046396,-0.9501953125,-0.16845703125,-0.030029296875,677,659,1022,1021,918,0,0,0,0
D,-8.09432396189433,22.259618408789105,-0.8620808246724501,0.0540683153340129,-1.284307172758293,0.6921588630527311,-0.939697265625,-0.176025390625,-0.039306640625,676,658,1023,1022,921,0,0,0,0
D,-8.095418235117542,22.30062415317856,-0.853699065527018,0.252541597776761,0.440883666936363,1.1272733668695252,-0.932373046875,-0.17822265625,-0.037841796875,675,658,1023,1021,919,0,0,0,0
D,-8.123890133975726,22.34166350306697,-0.8648433625499702,-1.8705824144755443,0.6775869380831214,-0.7146593158043537,-0.941162109375,-0.144287109375,-0.042236328125,688,708,995,1023,743,0,0,0,0
D,-8.137589846225335,22.37354776175304,-0.8675007424456321,-0.7484450098953915,-0.3453138252756573,-0.0810715295448116,-0.945556640625,-0.134033203125,-0.06298828125,689,712,991,1022,743,0,0,0,0
D,-8.141085437846343,22.41218492225676,-0.8704212163730114,0.327890867967204,0.3340754877014419,0.0105315238903029,-0.938232421875,-0.14599609375,-0.059326171875,688,710,990,1023,744,0,0,0,0
D,-8.154367647942149,22.43911057276337,-0.8805700992840603,-0.404933559513712,-0.7346268023748939,-0.8291631325982467,-0.962890625,-0.141357421875,-0.059814453125,689,711,991,1022,742,0,0,0,0
D,-8.177229061769971,22.468787052472127,-0.8887275891444445,-1.404933559513712,-0.482718405428329,-0.5925219112242008,-0.947265625,-0.148681640625,-0.05712890625,688,708,994,1023,742,0,0,0,0
D,-8.190182804078448,22.5012930764861,-0.8965757863438392,-0.4431014984450098,-0.2079092451229855,-0.5314532089341246,-0.94921875,-0.14501953125,-0.044921875,689,710,992,1023,743,0,0,0,0
D,-8.176951508130921,22.544698147635312,-0.892381080429156,1.7401046084252192,0.7157548770144191,0.7357223635849593,-0.935791015625,-0.148681640625,-0.06103515625,690,711,994,1021,746,0,0,0,0
D,-8.18962489596798,22.616457690435464,-0.9047817238195942,-0.2369946282160021,3.7386556403731976,-0.3864150409951932,-0.940673828125,-0.14404296875,-0.048095703125,689,709,995,1022,741,0,0,0,0
D,-8.192942804605387,22.643579427493844,-0.9047586246106364,0.2286542267458299,-0.8414970313825276,0.1174017528979365,-0.9453125,-0.146728515625,-0.049072265625,689,708,995,1023,742,0,0,0,0
D,-8.209607875265952,22.66981892306013,-0.8959388930948149,-1.404933559513712,-1.0399703138252756,0.926562058241448,-0.926025390625,-0.15283203125,-0.074462890625,690,709,996,1023,741,0,0,0,0
D,-8.22365490094644,22.700103925385942,-0.899937080950824,-0.6873763076053151,-0.4750848176420695,-0.2032089341249643,-0.94140625,-0.14599609375,-0.057373046875,688,709,995,1023,743,0,0,0,0
D,-8.23754607449969,22.720508803259364,-0.9026471871077272,-0.7026434831778342,-1.46745122985581,-0.2184761096974834,-0.934814453125,-0.1494140625,-0.067138671875,687,708,993,1023,744,0,0,0,0
D,-8.251894630515899,22.7458536983714,-0.9006849139159291,-0.9316511167656204,-1.0399703138252756,0.2777070964093868,-0.950439453125,-0.151611328125,-0.06201171875,691,711,994,1023,744,0,0,0,0
D,-8.269949290160152,22.76124613204572,-0.9058854154631816,-1.0537885213457732,-1.933100084817642,-0.5314532089341246,-0.9521484375,-0.14501953125,-0.047119140625,687,710,991,1023,742,0,0,0,0
D,-8.272406342539488,22.797977932270545,-0.90306797772988,0.2133870511733108,0.0745335029686175,0.5143483177834327,-0.9443359375,-0.147705078125,-0.0595703125,686,708,991,1023,740,0,0,0,0
D,-8.27436539600766,22.82872453581941,-0.8990717396611875,0.2362878145320894,-0.5285199321458863,0.5448826689284708,-0.936279296875,-0.1533203125,-0.039306640625,690,710,993,1022,744,0,0,0,0
D,-8.295087188893786,22.8736883140474,-0.9081321711507004,-1.1835595137121857,1.0439991518235794,-0.4627509188577887,-0.94140625,-0.1396484375,-0.0458984375,686,707,994,1023,742,0,0,0,0
D,-8.310311940111303,22.895446117410778,-0.9159402567362964,-0.6339411931014983,-1.2613443596268024,-0.6612242013005367,-0.945556640625,-0.153564453125,-0.048828125,689,706,992,1023,740,0,0,0,0
D,-8.317700169904624,22.92382329847452,-0.9146533242551188,-0.2064602770709639,-0.7269932145886344,0.2624399208368677,-0.9365234375,-0.15185546875,-0.042724609375,687,709,993,1023,741,0,0,0,0
D,-8.33129257613092,22.95484463278014,-0.9111113481459768,-0.9316511167656204,-0.4979855810008481,0.4990811422109136,-0.944580078125,-0.148193359375,-0.046630859375,686,707,991,1022,741,0,0,0,0
D,-8.336686635646448,22.98181321323724,-0.8999920711641635,-0.4202007350862311,-1.001802374893978,1.125035340684196,-0.942626953125,-0.144287109375,-0.047607421875,687,709,989,1021,742,0,0,0,0
D,-8.327614764202321,23.015021128417068,-0.8850207744202396,0.8622420130053718,-0.4369168787107718,1.56014984450099,-0.927001953125,-0.138671875,-0.0419921875,684,706,991,1021,742,0,0,0,0
D,-8.342495259049498,23.03878858433248,-0.9029343921746588,-0.2446282160022617,-0.933100084817642,-1.5696211478654225,-0.935791015625,-0.13916015625,-0.06201171875,688,707,992,1023,742,0,0,0,0
D,-8.344108819957484,23.06914721890519,-0.91406740791957,0.877509188577891,-0.3605810008481764,-0.8291631325982467,-0.92724609375,-0.155517578125,-0.04931640625,686,706,989,1023,744,0,0,0,0
D,-8.345416769631342,23.09037405706945,-0.9143597960279332,0.4500282725473566,-1.4140161153519932,0.0105315238903029,-0.950927734375,-0.14990234375,-0.0517578125,687,704,993,1023,741,0,0,0,0
D,-8.353752519380459,23.12123272945581,-0.9106770841164572,-0.404933559513712,-0.5132527565733672,0.5143483177834327,-0.93359375,-0.148193359375,-0.0517578125,683,704,988,1021,744,0,0,0,0
D,-8.344421452392652,23.14366045123943,-0.91022788501097,1.4652954481198757,-1.3071458863443597,0.0868674017528983,-0.955078125,-0.145263671875,-0.048828125,686,705,991,1022,742,0,0,0,0
D,-8.349964902951177,23.17401192663036,-0.9176015626867506,0.3202572801809444,-0.4140161153519932,-0.4932852700028269,-0.9345703125,-0.15087890625,-0.060546875,683,706,993,1023,744,0,0,0,0
D,-8.362163073729345,23.20903933621343,-0.9269891019906432,-0.2827961549335593,0.0745335029686175,-0.6154226745829796,-0.94921875,-0.149658203125,-0.04541015625,682,703,991,1023,741,0,0,0,0
D,-8.36270062505587,23.23957526922425,-0.927821756624758,0.5568985015549902,-0.482718405428329,0.1021345773254174,-0.948486328125,-0.15185546875,-0.053466796875,681,703,988,1023,743,0,0,0,0
D,-8.357455188305936,23.27549516323888,-0.918616071406084,0.7248374328527002,-0.0857718405428328,1.0868674017528983,-0.94970703125,-0.148193359375,-0.05224609375,682,706,990,1023,744,0,0,0,0
D,-8.366096285882028,23.304018429326003,-0.9205488022458592,-0.2140938648572234,-0.665924512298558,-0.0276364150409949,-0.9638671875,-0.154296875,-0.040283203125,683,702,989,1023,742,0,0,0,0
D,-8.360292060088115,23.346467298097167,-0.9180014477526536,1.0225473565168222,0.6470525869380832,0.5677834322872495,-0.943603515625,-0.1416015625,-0.0498046875,682,704,987,1022,742,0,0,0,0
D,-8.338722717623394,23.39888292000848,-0.9033113368243468,2.159951936669494,1.4791136556403732,1.8349590048063336,-0.925537109375,-0.151123046875,-0.04345703125,681,702,990,1022,742,0,0,0,0
D,-8.32321208651241,23.4415880345114,-0.8744497435011478,0.9538450664404864,0.3264418999151824,2.964729997172745,-0.937255859375,-0.14404296875,-0.03271484375,684,701,988,1023,740,0,0,0,0
D,-8.294977510388309,23.495278270137486,-0.8590325651052158,2.763005371783998,1.5936174724342662,1.9036612948826688,-0.940673828125,-0.14501953125,-0.039306640625,681,702,992,1022,742,0,0,0,0
D,-8.281548530791436,23.53537913361117,-0.8626197484267868,1.999646593158044,0.4943808312128923,-0.0352700028272543,-0.945068359375,-0.13330078125,-0.054931640625,685,701,997,1021,740,0,0,0,0
D,-8.280239066463926,23.562957112317303,-0.8752535492056649,1.1828527000282727,-0.6201229855810009,-1.0200028272547352,-0.946044921875,-0.14306640625,-0.053466796875,690,696,992,1020,745,0,0,0,0
D,-8.27426843913583,23.59399508588925,-0.8840290610440708,1.4881962114786544,-0.3300466497031382,-0.6230562623692391,-0.95068359375,-0.14111328125,-0.06201171875,683,699,990,1021,744,0,0,0,0
D,-8.272317114791848,23.646752953290573,-0.8870383339251194,0.961478654226746,1.7615564037319762,0.2624399208368677,-0.93994140625,-0.169921875,-0.054931640625,685,701,989,1023,742,0,0,0,0
D,-8.280299064430668,23.669605460084032,-0.8790225761587837,-0.5347045518801242,-1.352947413061917,0.8044246536612952,-0.938720703125,-0.15283203125,-0.05224609375,683,699,989,1023,741,0,0,0,0
D,-8.296001261019262,23.69012856022219,-0.8896400457177182,-0.5652389030251624,-1.337680237489398,-0.9207661860333612,-0.946044921875,-0.15283203125,-0.0439453125,682,701,989,1022,739,0,0,0,0
D,-8.312498421826218,23.71753204389434,-0.8902928655255936,-1.0995900480633305,-0.7956955046649703,0.05633305060786,-0.943603515625,-0.1376953125,-0.036865234375,685,701,993,1023,743,0,0,0,0
D,-8.335421368063056,23.74348792216478,-0.8849549921538311,-1.9240175289793608,-1.0094359626802374,0.6059513712185471,-0.945556640625,-0.154296875,-0.041259765625,686,703,987,1023,742,0,0,0,0
D,-8.344189212090217,23.76772105847614,-0.8551061420149703,-1.504170200735086,-1.5056191687871077,2.796791065875036,-0.9384765625,-0.151611328125,-0.031494140625,683,699,992,1022,740,0,0,0,0
D,-8.36070359455433,23.780233476841204,-0.8418334747972647,-1.7102770709640938,-2.4598176420695506,1.0792338139666389,-0.95556640625,-0.1259765625,-0.038330078125,685,702,992,1023,742,0,0,0,0
D,-8.382519050566751,23.80175528410096,-0.8422633691927094,-1.6644755442465369,-1.383481764206955,-0.0200028272547352,-0.94384765625,-0.13037109375,-0.044677734375,685,700,989,1022,742,0,0,0,0
D,-8.414792241547454,23.82784834012364,-0.8623613060528884,-1.908750353406842,-0.665924512298558,-1.7299264913768728,-0.941162109375,-0.13330078125,-0.030029296875,685,701,992,1016,744,0,0,0,0
D,-8.43705614406122,23.851099650042663,-0.8797393601351182,-1.0461549335595135,-0.9865351993214588,-1.539086796720384,-0.94384765625,-0.125244140625,-0.03369140625,685,701,992,1022,739,0,0,0,0
D,-8.443704400449981,23.902239602085924,-0.8976461882305037,0.5645320893412498,1.7844571670907547,-1.1650409951936664,-0.94287109375,-0.13330078125,-0.024169921875,681,702,993,1022,741,0,0,0,0
D,-8.462943834005165,23.950624292779967,-0.9335004831863702,0.0454481198756009,1.7539228159457168,-2.821529544811987,-0.952880859375,-0.13623046875,-0.042236328125,682,700,991,1023,741,0,0,0,0
D,-8.470989681490948,24.00028306552812,-0.9595653369048032,0.8088068985015551,1.7539228159457168,-1.8978654226745828,-0.929443359375,-0.142578125,-0.05419921875,684,698,991,1022,741,0,0,0,0
D,-8.470590982290371,24.06799515308625,-0.9757283993167006,1.312623692394685,3.418044953350297,-0.707025728018094,-0.935791015625,-0.16162109375,-0.03955078125,683,699,989,1023,740,0,0,0,0
D,-8.498633207866847,24.11404282451077,-0.994739047212295,-1.4278343228724908,1.3111747243426632,-1.287178399773819,-0.944091796875,-0.158447265625,-0.050048828125,681,700,993,1022,741,0,0,0,0
D,-8.51769330374944,24.157864775388347,-0.9994026908912832,-1.1072236358495895,0.898960983884648,-0.0200028272547352,-0.943359375,-0.159912109375,-0.05810546875,681,700,994,1022,741,0,0,0,0
D,-8.529059320627809,24.172787078543948,-0.9950425542108732,-0.7331778343228724,-2.085771840542833,0.3540429742719823,-0.94775390625,-0.152587890625,-0.06591796875,683,700,993,1023,739,0,0,0,0
D,-8.53727252005721,24.206090036900807,-0.9861517963893728,-0.672109132032796,-0.3376802374893978,1.002897936104043,-0.958984375,-0.13623046875,-0.048583984375,684,701,994,1023,740,0,0,0,0
D,-8.551419066128354,24.24129189794957,-0.9908509880995348,-0.6950098953915748,0.0363655640373198,-0.1879417585524452,-0.96484375,-0.140869140625,-0.04931640625,682,700,994,1023,742,0,0,0,0
D,-8.56789092429596,24.270009751523265,-0.9887127859394566,-1.0995900480633305,-0.6811916878710771,0.3845773254170205,-0.935302734375,-0.166015625,-0.0625,682,699,993,1022,742,0,0,0,0
D,-8.585139202593448,24.30027908635908,-0.9756297284321364,-1.6644755442465369,-0.6811916878710771,1.376943737630761,-0.936767578125,-0.156982421875,-0.046875,683,702,995,1022,741,0,0,0,0
D,-8.62298821854818,24.328348783596688,-0.9805423940155032,-3.0690556969182925,-0.665924512298558,-0.3177127509188573,-0.947265625,-0.13525390625,-0.041748046875,684,700,993,1023,741,0,0,0,0
D,-8.62629244094136,24.368197262095183,-0.9808097716301888,0.2286542267458299,0.4409457167090755,0.2929742719819059,-0.94384765625,-0.14453125,-0.039306640625,682,699,995,1021,743,0,0,0,0
D,-8.662635683862467,24.41499147149032,-0.9743076689689856,-3.3514984450098955,1.0363655640373195,1.010531523890303,-0.92626953125,-0.143310546875,-0.033447265625,681,704,994,1022,742,0,0,0,0
D,-8.666533776530235,24.45922244958246,-0.9875828956176484,0.7477381962114787,1.0592663273960985,-0.790995193666949,-0.943115234375,-0.1552734375,-0.0458984375,684,704,996,1023,741,0,0,0,0
D,-8.68175182951226,24.48982331263638,-1.010613634787283,-0.0308877579869945,-0.1621077184054283,-1.8978654226745828,-0.943603515625,-0.140380859375,-0.05126953125,684,701,994,1023,738,0,0,0,0
D,-8.699056457865161,24.527580799516794,-1.0402560536679542,0.0454481198756009,0.6394189991518235,-2.378781453208934,-0.944580078125,-0.14404296875,-0.04150390625,686,703,994,1022,744,0,0,0,0
D,-8.685910674401836,24.55187178951412,-1.0303677957031956,1.4805626236923948,-1.230810008481764,0.9876307605315242,-0.95068359375,-0.153076171875,-0.048095703125,685,704,994,1021,738,0,0,0,0
D,-8.705585687354455,24.58393396980636,-1.0441640603111062,-0.7789793610404295,-0.1315733672603901,-1.0047356516822163,-0.93798828125,-0.160888671875,-0.061279296875,684,702,996,1020,740,0,0,0,0
D,-8.72025756638541,24.60933967229684,-1.0526576414086366,-0.5194373763076051,-0.8643977947413062,-0.6383234379417582,-0.943115234375,-0.15673828125,-0.05029296875,684,704,995,1022,740,0,0,0,0
D,-8.743898166169188,24.65719158606447,-1.0576277185908776,-1.5347045518801243,1.3111747243426632,0.0334322872490815,-0.952392578125,-0.16650390625,-0.049072265625,683,701,995,1023,744,0,0,0,0
D,-8.752701643734719,24.700115935924337,-1.0438429789536574,-0.8018801243992083,0.5707167090754877,1.659386485722364,-0.933349609375,-0.171875,-0.052490234375,686,700,995,1022,739,0,0,0,0
D,-8.773647735536896,24.731657151704766,-1.0328538048165588,-1.9698190556969184,-0.5285199321458863,1.2013712185467915,-0.935546875,-0.151611328125,-0.064453125,683,706,996,1023,741,0,0,0,0
D,-8.784739846142347,24.786583414762763,-1.022885535070465,-0.9850862312694372,1.7920907548770144,1.4456460277070968,-0.941650390625,-0.141845703125,-0.04833984375,684,702,996,1023,740,0,0,0,0
D,-8.797735947643464,24.80076783840335,-1.014915678045068,-1.0461549335595135,-2.200275657336726,0.6670200735086236,-0.93505859375,-0.153076171875,-0.057373046875,684,704,993,1021,739,0,0,0,0
D,-8.806949302197419,24.8307418721716,-1.0115247437693862,-0.5194373763076051,-0.5819550466497031,0.4761803788521349,-0.94189453125,-0.142578125,-0.049072265625,686,704,995,1023,738,0,0,0,0
D,-8.798083213801931,24.85911474211568,-1.0068101238793397,1.2439214023183491,-0.7575275657336726,0.5754170200735089,-0.95166015625,-0.146240234375,-0.06103515625,686,703,997,1023,741,0,0,0,0
D,-8.805431322989552,24.88359406565732,-1.0147534330929084,0.159951936669494,-0.9636344359626804,-0.6154226745829796,-0.947998046875,-0.14892578125,-0.040771484375,684,704,993,1021,738,0,0,0,0
D,-8.810019662196934,24.916677009105584,-1.0206747253978594,0.3660588068985017,-0.1392069550466496,-0.2948119875600787,-0.945556640625,-0.15234375,-0.0458984375,685,705,996,1021,740,0,0,0,0
D,-8.810031506962043,24.94744046616974,-1.0310373281009249,1.0072801809443033,-0.3071458863443596,-0.7299264913768726,-0.946044921875,-0.151123046875,-0.048095703125,682,705,995,1023,741,0,0,0,0
D,-8.795122981617974,24.986742080323108,-1.029495529298329,2.045448119875601,0.3798770144189992,0.491447554424654,-0.923828125,-0.1611328125,-0.044677734375,682,704,998,1023,738,0,0,0,0
D,-8.791650404134415,25.01523761557807,-1.0310478414421342,1.045448119875601,-0.6430237489397794,0.05633305060786,-0.931640625,-0.165771484375,-0.051025390625,683,705,998,1023,739,0,0,0,0
D,-8.807916482152493,25.048609823973425,-1.0370654208527128,-0.8095137121854677,-0.1086726039016115,-0.3024455753463384,-0.955810546875,-0.1513671875,-0.034423828125,685,706,995,1021,738,0,0,0,0
D,-8.823917831071181,25.074645929147334,-1.0394664655249872,-0.9469182923381396,-0.8872985581000847,-0.0963387051173307,-0.9658203125,-0.147705078125,-0.059814453125,685,704,997,1022,739,0,0,0,0
D,-8.840536749732273,25.103515713783167,-1.0374367530190225,-1.1759259259259256,-0.665924512298558,0.3540429742719823,-0.926513671875,-0.14697265625,-0.063232421875,687,706,997,1021,740,0,0,0,0
D,-8.820987088594624,25.145026069072504,-1.0239579141618416,1.9462114786542268,0.4256785411365564,1.5677834322872497,-0.93017578125,-0.147216796875,-0.03759765625,685,706,996,1023,741,0,0,0,0
D,-8.829045177871889,25.175266175268767,-1.0251207534008486,-0.221727452643483,-0.4903519932145886,0.0716002261803792,-0.953125,-0.140869140625,-0.06005859375,685,705,997,1021,742,0,0,0,0
D,-8.833960707474267,25.21391718840924,-1.0336868441873197,0.4347610969748375,0.448579304495335,-0.4474837432852696,-0.92578125,-0.144775390625,-0.053466796875,688,707,1001,1021,742,0,0,0,0
D,-8.849558486060737,25.26181605615539,-1.043026912554014,-0.6110404297427198,1.3722434266327397,-0.3787814532089337,-0.941650390625,-0.144287109375,-0.052734375,686,705,998,1023,741,0,0,0,0
D,-8.837717921851795,25.30730467720901,-1.0429129462495084,1.7477381962114786,1.0058312128922815,0.4380124399208372,-0.938232421875,-0.148681640625,-0.05419921875,688,704,999,1023,741,0,0,0,0
D,-8.84541380579569,25.334209747483445,-1.0461246644112414,-0.0461549335595136,-0.7804283290924512,-0.1345066440486284,-0.947021484375,-0.15576171875,-0.047607421875,689,703,997,1022,740,0,0,0,0
D,-3.604827697115976,13.124839459052586,1.047018585304352,24.8157336726039,5.762722646310433,0.9691122420130056,-0.9404296875,-0.154052734375,-0.01513671875,584,1021,1021,1023,1022,0,0,0,0
D,-3.3764658128263547,13.201436125960283,1.0086754117965735,24.24321458863444,4.213104325699746,-3.366765620582414,-0.938232421875,-0.1357421875,-0.0234375,583,1023,1021,1023,1023,0,0,0,0
D,-3.202665942213204,13.275720869071796,0.968957202165272,18.907336726039016,3.991730279898219,-3.5041702007350857,-0.9384765625,-0.158203125,-0.023193359375,582,1022,1022,1023,1021,0,0,0,0
D,-3.064061924932296,13.35142688342434,0.9109351553931824,15.968405428329092,4.251272264631044,-5.244628216002262,-0.927490234375,-0.197509765625,-0.0244140625,584,1021,1023,1022,1023,0,0,0,0
D,-2.9402465448999004,13.416189337310026,0.8598568652831066,14.273748939779471,3.0986005089058524,-4.649208368674017,-0.93603515625,-0.1826171875,-0.03076171875,579,1023,1022,1022,1023,0,0,0,0
D,-2.8484424104175528,13.47227572747489,0.8002089571156831,11.281382527565734,2.2665394402035624,-5.527070964093864,-0.953125,-0.187255859375,-0.03564453125,587,1021,1023,1023,1022,0,0,0,0
D,-2.760319407962161,13.528253660391782,0.7576960250107216,10.525657336726038,2.167302798982188,-3.862948826689285,-0.933349609375,-0.185302734375,-0.028564453125,581,1022,1023,1023,1023,0,0,0,0
D,-2.7107238271677225,13.576014838576285,0.7140184020638575,6.640161153519932,1.3352417302798982,-4.030887757986995,-0.9345703125,-0.16845703125,-0.046630859375,580,1022,1022,1023,1023,0,0,0,0
D,-2.6774904831929907,13.610643463846456,0.6661305051998252,5.243214588634436,0.0680661577608142,-4.466002261803788,-0.928466796875,-0.204345703125,-0.020263671875,580,1021,1023,1023,1023,0,0,0,0
D,-2.621468417526417,13.634452099779171,0.6214670152798889,7.372985581000848,-1.0464376590330788,-4.221727452643483,-0.93505859375,-0.185302734375,-0.02294921875,581,1023,1022,1023,1023,0,0,0,0
D,-2.5878474570474284,13.665240958575986,0.5745585389615862,5.250848176420695,-0.3288804071246819,-4.389666383941193,-0.945556640625,-0.20458984375,-0.00244140625,582,1023,1023,1023,1023,0,0,0,0
D,-2.564892498296677,13.705902271230146,0.5320890392353468,4.067642069550466,0.6329516539440203,-3.916383941193101,-0.936279296875,-0.19873046875,-0.00634765625,578,1021,1023,1023,1023,0,0,0,0
D,-2.5886333571263647,13.75678915078042,0.4951625186107814,-0.756785411365564,1.6253180661577609,-3.336231269437376,-0.9375,-0.19189453125,-0.0029296875,579,1023,1023,1023,1023,0,0,0,0
D,-2.6307156660417537,13.82503969103885,0.4512884085938582,-2.405640373197625,3.3963104325699742,-3.924017528979361,-0.9384765625,-0.196533203125,-0.0146484375,578,1023,1021,1021,1023,0,0,0,0
D,-2.663286399142087,13.902900322121193,0.4048760496449907,-1.4514418999151824,4.358142493638677,-4.137757986994628,-0.92822265625,-0.177490234375,-0.02685546875,578,1023,1023,1022,1022,0,0,0,0
D,-2.7030081930946213,13.970120799519975,0.3424176349500075,-1.726251060220526,3.381043256997456,-5.725544246536613,-0.932861328125,-0.19140625,-0.031005859375,576,1023,1023,1022,1022,0,0,0,0
D,-2.725772188960604,14.031944810130147,0.271123614148996,0.2203138252756573,2.8924936386768447,-6.595773254170201,-0.93310546875,-0.19970703125,-0.0419921875,578,1023,1022,1023,1022,0,0,0,0
D,-2.763817768697713,14.099358884921193,0.1923182308232926,-1.023960983884648,3.510814249363868,-7.26752897936104,-0.920166015625,-0.22265625,-0.0615234375,577,1023,1023,1023,1023,0,0,0,0
D,-2.767248682416984,14.138940137379668,0.1169186098624278,2.4187871077184053,0.7321882951653944,-7.053788521345774,-0.923828125,-0.239501953125,-0.065185546875,578,1022,1023,1023,1022,0,0,0,0
D,-2.7569700151138297,14.133710077584574,0.0785700649382305,2.9455046649703136,-3.901399491094148,-3.664475544246536,-0.9228515625,-0.255615234375,-0.056884765625,577,1021,1023,1023,1023,0,0,0,0
D,-2.737985471806122,14.113480820183248,0.0500724844834765,3.556191687871077,-5.451017811704835,-2.786612948826689,-0.918212890625,-0.24853515625,-0.028076171875,576,1022,1023,1022,1023,0,0,0,0
D,-2.736609963207429,14.12783470535081,0.0570654551544788,0.8081000848176421,-2.1914758269720105,0.7859061351427765,-0.925048828125,-0.216552734375,0.001220703125,575,1022,1021,1023,1023,0,0,0,0
D,-2.7584738301026897,14.159405996925878,0.0535716120993743,-1.2835029686174724,-0.4281170483460559,-0.153025162567147,-0.92529296875,-0.210205078125,0.007080078125,574,1022,1021,1022,1023,0,0,0,0
D,-2.756115748745698,14.215634430598344,0.0206936435762005,1.8386344359626805,2.167302798982188,-2.885849590048063,-0.9189453125,-0.203369140625,-0.01318359375,575,1023,1021,1023,1022,0,0,0,0
D,-2.8090721207427003,14.308467386510085,-0.0452763227918335,-2.764418999151824,6.006997455470738,-5.878216002261803,-0.92333984375,-0.234375,-0.02490234375,575,1021,1022,1023,1023,0,0,0,0
D,-2.8616801785237445,14.379156195620643,-0.1169133645357709,-2.695716709075488,3.80089058524173,-6.557605315238903,-0.930908203125,-0.20458984375,-0.047607421875,578,1021,1022,1021,1023,0,0,0,0
D,-2.89032430398704,14.42898870715763,-0.1589141350756977,-0.9018235793044952,1.6100508905852418,-3.7560785976816513,-0.91796875,-0.236328125,-0.024658203125,579,1023,1023,1022,1022,0,0,0,0
D,-2.8938418767337906,14.49707772876234,-0.2009334017888237,1.6706955046649703,3.449745547073791,-3.649208368674017,-0.924072265625,-0.25341796875,-0.0302734375,581,1023,1023,1023,1023,0,0,0,0
D,-3.0101050997808696,14.56776438360811,-0.2440961998517269,-9.474342663273962,3.7474554707379135,-3.7102770709640938,-0.920654296875,-0.280029296875,-0.030517578125,580,1023,1022,1023,1023,0,0,0,0
D,-3.0651848403262925,14.617491176468103,-0.2672150969122329,-4.023960983884648,1.5108142493638677,-1.9240175289793608,-0.927734375,-0.23486328125,-0.05615234375,580,1023,1023,1023,1021,0,0,0,0
D,-3.0922709471927265,14.68800561316036,-0.2696203092286741,-1.7186174724342664,3.487913486005089,0.1981198756007918,-0.927490234375,-0.24267578125,-0.06787109375,579,1021,1023,1022,1021,0,0,0,0
D,-3.1256955955489056,14.73949941221744,-0.2725236315000519,-2.32930449533503,1.5947837150127226,0.0530817076618603,-0.923095703125,-0.244384765625,-0.06005859375,579,1022,1023,1023,1023,0,0,0,0
D,-3.08305691569866,14.79380671889064,-0.2565953267791521,4.769932145886344,1.770356234096692,1.877509188577891,-0.913330078125,-0.234130859375,-0.0654296875,581,1021,1022,1022,1023,0,0,0,0
D,-3.0906573659176533,14.773025266930478,-0.2184744245333938,-0.8483884648006785,-5.847964376590331,3.610333616058807,-0.93017578125,-0.230224609375,-0.0029296875,579,1021,1021,1022,1023,0,0,0,0
D,-3.2445395027349058,14.73198937977961,-0.1068296374199277,-17.100296861747243,-8.19910941475827,10.663768730562625,-0.9228515625,-0.2998046875,-0.053466796875,575,1021,1023,1021,1023,0,0,0,0
D,-3.412468377666172,14.688843459896711,-0.0673704438792066,-17.283502968617473,-8.176208651399492,3.4881962114786544,-0.9833984375,-0.1376953125,-0.028564453125,576,1023,1023,1023,1022,0,0,0,0
D,-3.470483163626088,14.710234311836992,-0.004585110906161,-6.443808312128923,-1.7868956743002544,6.22865422674583,-0.92138671875,-0.24658203125,-0.017333984375,574,1022,1023,1022,1021,0,0,0,0
D,-3.5022488505378595,14.72610247782533,0.0698437959995785,-4.352205258693808,-2.466284987277354,7.251554990104609,-0.94287109375,-0.1865234375,-0.032958984375,573,1019,1022,1023,1021,0,0,0,0
D,-3.5411208208714595,14.761385386716563,0.111775279720714,-4.085029686174725,-0.3059796437659033,4.274455753463387,-0.9287109375,-0.225830078125,-0.05126953125,572,1021,1021,1023,1023,0,0,0,0
D,-3.613098462055525,14.774133664731552,0.1962005157612304,-8.398006785411365,-2.794529262086514,8.259188577890868,-0.92236328125,-0.24755859375,-0.06982421875,572,1021,1023,1023,1023,0,0,0,0
D,-3.604450880898313,14.817341894992625,0.2600697957550932,0.0600084817642069,0.3352417302798982,6.427127509188578,-0.9326171875,-0.214599609375,-0.068359375,569,1021,1022,1023,1023,0,0,0,0
D,-3.654083386818846,14.850218376689345,0.3094437921704034,-5.413273960983885,-0.611323155216285,4.961478654226746,-0.929443359375,-0.210693359375,-0.052490234375,571,1019,1019,1023,1023,0,0,0,0
D,-3.692969138846778,14.864991981683389,0.3352824129147666,-3.772052586938083,-2.2830788804071247,2.5645320893412498,-0.9365234375,-0.20263671875,-0.042236328125,568,1021,1023,1023,1023,0,0,0,0
D,-3.7375759961198094,14.88753138535085,0.3697665119282958,-4.611747243426633,-1.5731552162849871,3.434761096974837,-0.928466796875,-0.188720703125,-0.03955078125,568,1023,1023,1023,1023,0,0,0,0
D,-3.7530802204429534,14.920303380676248,0.4008019383155252,-1.558312128922816,-0.5197201017811705,3.1828527000282727,-0.93017578125,-0.204345703125,-0.03515625,567,1023,1023,1023,1021,0,0,0,0
D,-3.739090426483912,14.949534429493529,0.4436950692530849,1.1210771840542832,-0.9395674300254452,4.312623692394685,-0.926513671875,-0.213623046875,-0.048583984375,568,1021,1023,1021,1023,0,0,0,0
D,-3.742291128566895,14.977028580447868,0.4850213598214737,-0.5812128922815946,-1.107506361323155,4.144684761096976,-0.92919921875,-0.208251953125,-0.060791015625,567,1019,1023,1023,1022,0,0,0,0
D,-3.745044407749737,15.00838362523211,0.5176374073612559,-0.375106022052587,-0.6800254452926209,3.312623692394685,-0.94091796875,-0.19384765625,-0.04443359375,565,1020,1023,1023,1022,0,0,0,0
D,-3.7234646303807657,15.03039295653207,0.5283945275175786,2.624893977947413,-1.4739185750636132,1.144684761096975,-0.93408203125,-0.19287109375,-0.04345703125,565,1019,1021,1023,1023,0,0,0,0
D,-3.732631089414583,15.039322289677964,0.5378478479917417,-0.4590754877014419,-2.779262086513995,0.9233107152954484,-0.939697265625,-0.182373046875,-0.04248046875,564,1018,1023,1021,1023,0,0,0,0
D,-3.7524763896348095,15.076152083909896,0.5180017675686374,-0.7644189991518235,0.1902035623409669,-1.7179106587503532,-0.952880859375,-0.185546875,-0.033935546875,563,1014,1023,1023,1023,0,0,0,0
D,-3.7275580429671904,15.118016527203457,0.4799425284622932,4.151611535199321,0.8008905852417303,-3.450735086231269,-0.939453125,-0.173095703125,-0.03076171875,562,1015,1022,1021,1015,0,0,0,0
D,-3.683598945099868,15.15765638940845,0.4260694208242892,6.5638252756573365,0.6940203562340966,-4.9621854679106585,-0.936767578125,-0.19775390625,-0.034423828125,563,1013,1023,1021,1022,0,0,0,0
D,-3.730824289114436,15.193553233934017,0.3917993191116516,-3.031594571670908,0.205470737913486,-3.0843228724908114,-0.92822265625,-0.205078125,-0.045654296875,564,1011,1023,1022,1021,0,0,0,0
D,-3.735045464582484,15.2378852368778,0.365996884517815,1.128710771840543,1.0146310432569976,-2.191193101498445,-0.925048828125,-0.226318359375,-0.03857421875,564,1010,1023,1022,1023,0,0,0,0
D,-3.831461000466857,15.28158117302874,0.3428128973674071,-8.214800678541136,0.9230279898218828,-1.954551880124399,-0.92822265625,-0.21142578125,-0.058837890625,564,1011,1023,1022,1023,0,0,0,0
D,-3.905267641053816,15.312895714402588,0.3260126849585725,-6.062128922815946,-0.3365139949109414,-1.404933559513712,-0.925537109375,-0.22705078125,-0.060791015625,563,1003,1016,1023,1022,0,0,0,0
D,-3.9310852421754072,15.33345960560465,0.3337081208598892,-1.962892281594572,-1.5807888040712468,0.862242013005372,-0.93115234375,-0.213623046875,-0.035400390625,562,1010,1021,1022,1023,0,0,0,0
D,-3.942703879446888,15.345932568557098,0.3430921777084954,-0.6117472434266328,-2.4052162849872776,0.961478654226746,-0.929931640625,-0.20654296875,-0.05712890625,563,1010,1023,1023,1023,0,0,0,0
D,-3.959882249946334,15.361035454536674,0.3462658671379988,-1.0315945716709076,-2.107506361323156,0.3736923946847612,-0.924560546875,-0.19775390625,-0.048095703125,563,1007,1022,1023,1021,0,0,0,0
D,-4.021688918710343,15.426896827762258,0.3701170408553497,-6.0926632739609845,2.808524173027989,2.701936669493921,-0.931884765625,-0.1865234375,-0.0126953125,674,1019,1021,1021,1023,0,0,0,0
D,-4.0888428735353415,15.508525839091458,0.3914985212372428,-6.642281594571672,4.381043256997455,2.5568985015549903,-0.9345703125,-0.165771484375,-0.0302734375,675,1020,1023,1022,1022,0,0,0,0
D,-4.162332948766662,15.571315397244478,0.3889486648682536,-6.604113655640373,2.6711195928753177,0.1370511733107154,-0.931884765625,-0.173828125,-0.051025390625,675,1020,1023,1021,1023,0,0,0,0
D,-4.217624305408795,15.610159320945815,0.391902208815475,-4.978159457167091,0.2360050890585242,0.4805626236923949,-0.932861328125,-0.1611328125,-0.063720703125,674,1023,1023,1023,1023,0,0,0,0
D,-4.264472063773676,15.606001043286174,0.398273729499119,-4.184266327396099,-4.069338422391858,0.5034633870511734,-0.952880859375,-0.17626953125,-0.05712890625,674,1020,1022,1021,1023,0,0,0,0
D,-4.2935010221667325,15.604322930373838,0.4060151182282743,-2.367472434266328,-3.817430025445293,0.6714023183488833,-0.9345703125,-0.19287109375,-0.033203125,673,1020,1022,1023,1021,0,0,0,0
D,-4.339665462014925,15.610259434637678,0.4183151237833629,-4.245335029686175,-3.099872773536896,1.1523183488832345,-0.9365234375,-0.181884765625,-0.03466796875,671,1019,1023,1021,1023,0,0,0,0
D,-4.395806704713197,15.615768697668416,0.4201528935754417,-4.978159457167091,-3.0693384223918576,0.1370511733107154,-0.931396484375,-0.1767578125,-0.019287109375,672,1019,1023,1023,1021,0,0,0,0
D,-4.426784019234204,15.62381579799814,0.4228527649362588,-2.4590754877014422,-2.817430025445293,0.243921402318349,-0.933837890625,-0.184326171875,-0.0126953125,671,1017,1023,1021,1023,0,0,0,0
D,-4.494356065261937,15.640353373361824,0.4204175614433122,-5.978159457167091,-1.9319338422391856,-0.1835595137121852,-0.93017578125,-0.184326171875,-0.009033203125,675,1018,1022,1023,1023,0,0,0,0
D,-4.533779679198898,15.671824976985736,0.4282616858209109,-3.398006785411366,-0.512086513994911,0.9309443030817078,-0.926513671875,-0.19482421875,-0.018798828125,672,1018,1023,1023,1022,0,0,0,0
D,-4.580693894113974,15.688169080519788,0.4429815696054998,-4.352205258693808,-2.076972010178117,1.4652954481198757,-0.92529296875,-0.189453125,-0.01953125,671,1015,1023,1021,1022,0,0,0,0
D,-4.622426596224955,15.712401024163798,0.4702537605301397,-4.222434266327396,-1.3975826972010177,2.7172038450664404,-0.936279296875,-0.178955078125,-0.006591796875,670,1018,1022,1022,1023,0,0,0,0
D,-4.669622469265351,15.740445893964727,0.489469643674305,-4.5430449533502975,-0.9548346055979644,1.976745829799265,-0.9345703125,-0.180908203125,-0.00830078125,671,1014,1022,1022,1022,0,0,0,0
D,-4.712532426634038,15.767563700465434,0.5029640104837009,-3.985793044953352,-1.0082697201017812,1.411860333616059,-0.928955078125,-0.1728515625,-0.010498046875,671,1014,1021,1022,1022,0,0,0,0
D,-4.74596352941205,15.800662727270083,0.5139185288148517,-2.9552586938083123,-0.3899491094147582,1.2210206389595704,-0.929931640625,-0.1767578125,-0.013427734375,673,1014,1023,1023,1023,0,0,0,0
D,-4.768562541996827,15.838266914051728,0.5143968945101238,-1.6193808312128923,0.1367684478371501,0.243921402318349,-0.937255859375,-0.169677734375,-0.005859375,669,1013,1023,1023,1022,0,0,0,0
D,-4.812928004913285,15.881232977686356,0.5023477164919944,-3.4209075487701446,0.7779898218829516,-0.901116765620582,-0.929931640625,-0.177001953125,-0.01171875,671,1007,1021,1023,1022,0,0,0,0
D,-4.837163378906538,15.929693418194226,0.4899180305107855,-1.405640373197625,1.3276081424936388,-0.8934831778343226,-0.937255859375,-0.175537109375,-0.023681640625,669,1013,1023,1023,1023,0,0,0,0
D,-4.873468319709856,15.95851683062735,0.470395907799584,-2.428541136556404,-0.5731552162849873,-1.740811422109132,-0.94287109375,-0.1728515625,-0.042724609375,668,1013,1022,1023,1023,0,0,0,0
D,-4.890299698459802,15.989144305883404,0.4510527918422006,-0.3903731976251061,-0.3746819338422392,-1.6797427198190555,-0.932373046875,-0.197021484375,-0.0322265625,668,1013,1023,1023,1023,0,0,0,0
D,-4.918123301449712,16.01434481077185,0.4365069217817651,-1.6270144189991518,-0.9548346055979644,-1.2675289793610405,-0.9296875,-0.195068359375,-0.0234375,669,1011,1022,1023,1022,0,0,0,0
D,-4.944839274782893,16.02889995581028,0.4221962191173237,-1.5964800678541136,-2.03117048346056,-1.359132032796155,-0.942626953125,-0.177490234375,-0.02099609375,669,1012,1022,1023,1022,0,0,0,0
D,-4.9354184461587325,16.0578394558597,0.4142394619471241,1.9226039016115355,-0.6342239185750637,-0.6034068419564602,-0.932373046875,-0.197265625,-0.024169921875,669,1014,1023,1022,1022,0,0,0,0
D,-4.961114050324658,16.082129661300005,0.4084596057570294,-1.581212892281595,-1.0998727735368956,-0.4125671472999717,-0.9287109375,-0.21533203125,-0.017333984375,668,1012,1021,1022,1023,0,0,0,0
D,-4.977892854180338,16.1122980219153,0.4174425454725399,-1.191899915182358,-0.6571246819338423,1.0225473565168224,-0.9326171875,-0.1904296875,-0.024169921875,668,1011,1021,1022,1022,0,0,0,0
D,-5.002301683622708,16.134793768795276,0.4238855146698684,-1.871289228159457,-1.3975826972010177,0.7172038450664406,-0.933837890625,-0.1943359375,-0.0263671875,667,1011,1022,1021,1023,0,0,0,0
D,-5.018086617337954,16.168243324907518,0.4316104733435628,-1.107930449533503,-0.3288804071246819,0.9156771275091888,-0.930908203125,-0.17724609375,-0.006591796875,667,1012,1023,1023,1023,0,0,0,0
D,-5.013529866206817,16.210736724582027,0.4343825417740259,1.0829092451229856,0.6176844783715012,0.5263641504099521,-0.93603515625,-0.183349609375,-0.0068359375,667,1013,1022,1021,1022,0,0,0,0
D,-5.062334417407572,16.25284077517594,0.4215878443061749,-3.8636556403731976,0.7016539440203562,-0.9774526434831778,-0.9345703125,-0.170654296875,-0.015380859375,661,1007,1023,1023,1023,0,0,0,0
D,-5.123532201901218,16.295669972379105,0.4023084527805245,-4.917090754877015,0.8314249363867684,-1.5881396663839409,-0.9296875,-0.1708984375,-0.00927734375,665,1010,1021,1023,1022,0,0,0,0
D,-5.3072812861456855,16.341979217409826,0.3454134741633256,-16.115564037319764,1.5108142493638677,-5.145391574780888,-0.93408203125,-0.172607421875,0.019775390625,667,1012,1023,1023,1023,0,0,0,0
D,-5.313192327230675,16.43078416947608,0.3213183409900897,0.9226039016115352,5.495547073791348,-1.5652389030251626,-0.937744140625,-0.219482421875,-0.00390625,667,1012,1022,1023,1022,0,0,0,0
D,-5.3400137346097205,16.52151957209772,0.2742354254437408,-0.6193808312128922,5.869592875318066,-3.77134577325417,-0.93701171875,-0.18896484375,-0.03662109375,667,1009,1023,1016,1021,0,0,0,0
D,-5.3989834087595625,16.61053846577282,0.2345568574042294,-3.909457167090755,5.663486005089059,-3.030887757986995,-0.927001953125,-0.221923828125,-0.0634765625,671,1007,1023,1023,1023,0,0,0,0
D,-5.429300718499788,16.672335351353432,0.2243274128797135,-1.8636556403731976,2.6940203562340965,-0.4660022618037884,-0.926513671875,-0.2265625,-0.08837890625,668,1010,1023,1023,1020,0,0,0,0
D,-5.440786628915131,16.692092364282956,0.2411471163408325,-0.7796861747243427,-1.741094147582697,1.709570257280181,-0.92626953125,-0.22021484375,-0.07470703125,666,1007,1023,1022,1023,0,0,0,0
D,-5.42940448739271,16.68026516333964,0.2649995426405833,1.243214588634436,-4.9624681933842245,2.0607152954481203,-0.930908203125,-0.20458984375,-0.05078125,666,1005,1019,1023,1022,0,0,0,0
D,-5.432844857791175,16.666724106888495,0.2836521350589933,-0.1613655640373197,-5.099872773536895,1.526364150409952,-0.936279296875,-0.18701171875,-0.017578125,667,1007,1022,1023,1023,0,0,0,0
D,-5.4282856949810725,16.691718565632062,0.294799205661152,0.8310008481764207,-1.1991094147582697,1.1675855244557536,-0.92529296875,-0.179443359375,0.003662109375,665,1009,1023,1022,1022,0,0,0,0
D,-5.474179024189754,16.74176917091676,0.2889742576281965,-3.688083121289228,1.4573791348600509,-0.1988266892847043,-0.934814453125,-0.19189453125,0.00390625,666,1010,1022,1023,1021,0,0,0,0
D,-5.481363317463734,16.803369496308395,0.2628910758182955,0.7317642069550466,2.785623409669211,-2.0308877579869944,-0.931884765625,-0.18115234375,-0.00390625,666,1008,1023,1023,1023,0,0,0,0
D,-5.495723771920585,16.86163124694371,0.2312338802548584,0.2126802374893977,2.510814249363868,-2.580506078597681,-0.92236328125,-0.187255859375,-0.04150390625,665,1008,1023,1023,1023,0,0,0,0
D,-5.5192156032177575,16.905275367747606,0.1941668926507151,-0.5048770144189991,1.1138676844783717,-3.221727452643483,-0.928466796875,-0.197998046875,-0.053466796875,665,1005,1023,1023,1021,0,0,0,0
D,-5.532709886290195,16.949522589222397,0.1642910627199896,0.3424512298558099,1.1215012722646311,-2.5118037885213456,-0.931884765625,-0.214111328125,-0.045166015625,667,1005,1022,1022,1023,0,0,0,0
D,-5.542021139494,16.973726137283435,0.1409286786895963,0.6401611535199322,-0.9166666666666669,-2.0614221091320326,-0.935791015625,-0.234130859375,-0.048583984375,665,1006,1021,1023,1023,0,0,0,0
D,-5.543476903727221,16.988068169766198,0.1343048055899788,0.9302374893977948,-2.0540712468193387,-0.5652389030251623,-0.934814453125,-0.23193359375,-0.042724609375,664,1006,1022,1022,1023,0,0,0,0
D,-5.548882688772242,16.996736658089674,0.1447669607128091,-0.0086938083121289,-2.786895674300254,0.9920130053717842,-0.928955078125,-0.21826171875,-0.03076171875,664,1004,1023,1023,1022,0,0,0,0
D,-5.547093789177351,17.028871037147084,0.1675730871585813,0.3119168787107718,-0.5731552162849873,2.3813259824710205,-0.93408203125,-0.20947265625,-0.0166015625,663,997,1016,1023,1023,0,0,0,0
D,-5.567196958227272,17.073901142274426,0.1706030590793144,-1.4132739609838847,0.8695928753180661,0.5874328527000284,-0.932861328125,-0.177490234375,-0.027587890625,662,999,1015,1023,1021,0,0,0,0
D,-5.5795796146461605,17.119604247779268,0.1579040669707047,-0.1766327396098388,1.0833333333333337,-0.901116765620582,-0.931396484375,-0.177734375,-0.03076171875,662,1006,1022,1022,1022,0,0,0,0
D,-5.585153605454154,17.151411753061165,0.1296434120180195,1.044741306191688,-0.1380407124681933,-2.488903025162567,-0.934814453125,-0.20068359375,-0.031982421875,662,1003,1022,1023,1023,0,0,0,0
D,-5.595322513596759,17.166198163679404,0.1021047101704657,0.6248939779474131,-1.825063613231552,-2.5652389030251626,-0.92236328125,-0.21435546875,-0.036865234375,662,1004,1023,1023,1021,0,0,0,0
D,-5.594320039787728,17.182780408321236,0.0963305932770046,1.1363443596268024,-1.8403307888040712,-0.4660022618037884,-0.92578125,-0.22509765625,-0.0439453125,663,1004,1022,1022,1022,0,0,0,0
D,-5.611064541313221,17.19936397588759,0.0974243034819974,-0.8331212892281594,-1.901399491094148,0.1904862878145322,-0.9306640625,-0.22900390625,-0.0283203125,662,1004,1021,1022,1022,0,0,0,0
D,-5.629768537063065,17.205452703685545,0.1107831655268037,-1.3980067854113656,-3.061704834605598,1.2515549901046086,-0.931884765625,-0.227783203125,-0.0205078125,662,1003,1022,1023,1021,0,0,0,0
D,-5.6588853704277415,17.209897565629564,0.1290234035630644,-2.66518235793045,-3.2907124681933846,1.6714023183488833,-0.923828125,-0.203125,-0.028564453125,662,1003,1023,1022,1021,0,0,0,0
D,-5.671398389109298,17.213032516642777,0.1346096962395328,-0.6880831212892281,-3.313613231552163,0.4347610969748375,-0.931640625,-0.189697265625,-0.00830078125,661,1004,1021,1023,1022,0,0,0,0
D,-5.678654504895202,17.234737347235807,0.1440737207074202,-0.3293044953350297,-1.512086513994911,0.9691122420130056,-0.929931640625,-0.175537109375,-0.002197265625,661,1011,1023,1023,1023,0,0,0,0
D,-5.706009793984876,17.28193735297993,0.1130904049982347,-1.0850296861747244,1.4192111959287532,-2.60340684195646,-0.9287109375,-0.1904296875,0.00634765625,660,1004,1023,1023,1022,0,0,0,0
D,-59.48131729982091,76.02699685374485,-21.55186683459968,-1.5930277553030563,0.0733809406550107,-0.0898089844162228,-0.955810546875,-0.0693359375,-0.033447265625,734,743,1023,1023,1022,0,0,0,0
D,-59.555722246094405,76.07009163178138,-21.611479009887777,-1.386920885074049,1.0123122383649343,1.017061244591411,-0.9423828125,-0.082763671875,-0.027099609375,736,737,1021,1022,1023,0,0,0,0
D,-59.63688666080252,76.11764831984976,-21.69021206245229,-0.2189819537763391,1.6459000246244764,1.1010307102402654,-0.9521484375,-0.0693359375,-0.03759765625,736,737,1023,1023,1023,0,0,0,0
D,-59.71774752642722,76.14785206478321,-21.75860983389906,-1.157913251486263,0.485594681113026,-0.1050761599887419,-0.955078125,-0.078125,-0.044189453125,734,738,1023,1023,1021,0,0,0,0
D,-59.73062261881447,76.17445046984002,-21.778753771351763,0.9489569775213708,-0.6823442501846838,0.1315650613853036,-0.95068359375,-0.076171875,-0.0419921875,735,739,1023,1022,1023,0,0,0,0
D,-59.73722216626367,76.19585711398148,-21.7868661196978,0.3917050691244242,-1.163260280719035,-0.2501143279276734,-0.95068359375,-0.071044921875,-0.039794921875,735,736,1020,1023,1023,0,0,0,0
D,-59.77222707738759,76.22476824043129,-21.820591952963223,-0.0052414957610719,-0.1632602807190349,-0.0974425722024825,-0.94873046875,-0.073974609375,-0.01708984375,736,736,1023,1023,1023,0,0,0,0
D,-59.80686759158348,76.25318839778099,-21.851098622848102,-0.2647834804938963,-0.2930312730854473,-0.0287402821261466,-0.954345703125,-0.0732421875,-0.025146484375,733,739,1021,1021,1021,0,0,0,0
D,-59.85657485555979,76.2817337077115,-21.89826174769203,-0.1121117247687054,-0.0334892883526228,-0.0287402821261466,-0.94873046875,-0.0732421875,-0.043701171875,737,739,1021,1023,1023,0,0,0,0
D,-59.91396430688752,76.31272580948152,-21.94918997192432,-0.5243254652267209,0.1878847574489038,0.1010307102402656,-0.95166015625,-0.079345703125,-0.03173828125,735,737,1023,1023,1023,0,0,0,0
D,-59.90855624705773,76.33741311199324,-21.93492109557182,-0.6693636331656521,-1.2701305097266689,-0.0745418088437039,-0.951416015625,-0.06787109375,-0.00732421875,735,738,1023,1023,1023,0,0,0,0
D,-59.88003709816225,76.35703796975547,-21.90608451446784,0.3306363668343479,-2.0411228761388824,0.1391986491715633,-0.947998046875,-0.084716796875,-0.031494140625,735,737,1023,1017,1021,0,0,0,0
D,-59.90447627193147,76.41291965522127,-21.924540115599708,-0.4479895873641253,0.8978084215710412,2.3453055194005707,-0.94873046875,-0.06201171875,-0.022216796875,736,736,1021,1023,1023,0,0,0,0
D,-60.00749962202162,76.4380136778992,-22.01877964145281,-0.906004854539698,0.8214725437084459,-1.0440074576986658,-0.95556640625,-0.076171875,-0.02197265625,736,734,1022,1022,1021,0,0,0,0
D,-60.10318923574631,76.47530667830084,-22.12513978034546,1.0405600309564853,1.6077320856931787,0.0399620079501892,-0.945068359375,-0.085693359375,-0.0244140625,736,734,1021,1021,1023,0,0,0,0
D,-60.22759112472735,76.52421284566199,-22.242911103047263,-0.7304323354557285,2.42452597882295,0.8643894888662198,-0.968505859375,-0.07861328125,-0.03076171875,735,734,1021,1023,1023,0,0,0,0
D,-60.31473882150931,76.56425589246722,-22.3249234983548,-0.4327224117916063,1.1573504063038658,0.7575192598585861,-0.95361328125,-0.085693359375,-0.04443359375,734,731,1022,1022,1022,0,0,0,0
D,-60.32383351450508,76.60425553562182,-22.34007881811729,0.8191859851549586,-0.1021915784289587,1.261336053751716,-0.94775390625,-0.068603515625,-0.037841796875,733,731,1022,1023,1021,0,0,0,0
D,-60.3264464540765,76.63611742341222,-22.340404680183624,-0.020508671333591,-0.7052450135434626,0.5208780384845404,-0.95751953125,-0.066162109375,-0.021728515625,736,732,1021,1023,1023,0,0,0,0
D,-60.32982166094634,76.66431217439543,-22.34786077757175,0.5901783515671724,-0.7281457769022411,0.093397122454006,-0.96630859375,-0.0673828125,-0.0185546875,736,732,1022,1023,1023,0,0,0,0
D,-60.36641246089479,76.69051261178335,-22.38083414388615,-0.1960811904175604,-0.430435853238119,-0.120343335561261,-0.951904296875,-0.07666015625,-0.029296875,737,732,1023,1023,1022,0,0,0,0
D,-60.39428915617213,76.72077269525838,-22.41062682143254,0.3611707179793861,-0.2853976852991876,0.2460688781791968,-0.937744140625,-0.07421875,-0.028076171875,735,733,1023,1023,1022,0,0,0,0
D,-60.4324601126676,76.7480938737964,-22.472225925136165,2.429873008055722,0.2031519330214229,-0.3493509691490475,-0.941650390625,-0.083251953125,-0.01904296875,735,733,1023,1023,1022,0,0,0,0
D,-60.51755137715024,76.78389898241416,-22.54319401473833,-1.3411193583564918,0.7833046047771481,0.3300383438280518,-0.949462890625,-0.0830078125,-0.024169921875,734,735,1023,1022,1023,0,0,0,0
D,-60.57687310683478,76.81478264480106,-22.60490383797093,0.3230027790480884,0.3787244521053924,-0.0516410454849252,-0.953369140625,-0.08203125,-0.020263671875,735,736,1023,1021,1023,0,0,0,0
D,-60.63483016007814,76.84805289826151,-22.660636303260624,-0.1502796637000032,0.4321595666092092,0.0857635346677465,-0.950439453125,-0.072509765625,-0.0185546875,733,737,1021,1023,1023,0,0,0,0
D,-60.72041550944602,76.88767341856239,-22.743503089522385,-0.2113483659900795,1.1573504063038658,0.643015443064693,-0.948486328125,-0.09228515625,-0.020751953125,733,737,1021,1023,1023,0,0,0,0
D,-60.82646994012485,76.9307808327538,-22.850030704071862,-0.0052414957610719,1.8901748337847817,0.4140078094769068,-0.953125,-0.068603515625,-0.025146484375,733,736,1023,1023,1023,0,0,0,0
D,-60.90113802761459,76.96772522321125,-22.926042717560613,0.177964611109157,0.951243536074858,0.3071375804692733,-0.961181640625,-0.08349609375,-0.0166015625,733,734,1023,1023,1023,0,0,0,0
D,-60.970117614308336,77.00026731121986,-22.993718267745603,-0.0586766102648886,0.5542969711893619,0.0475955957364486,-0.948486328125,-0.0830078125,-0.01806640625,732,736,1023,1023,1021,0,0,0,0
D,-61.05816844160943,77.03383966199198,-23.07554121677094,-0.5930277553030567,0.8825412459985222,-0.0592746332711848,-0.9443359375,-0.06689453125,-0.032470703125,732,735,1023,1022,1021,0,0,0,0
D,-61.17527063417256,77.07668341276066,-23.19538972656478,0.2390333133992334,2.0123122383649346,0.5132444506982807,-0.953369140625,-0.085205078125,-0.0263671875,732,735,1021,1023,1021,0,0,0,0
D,-61.240579306791886,77.10384755755074,-23.265605686579423,0.5596440004221341,0.3252893376015756,-0.4333204347979023,-0.9482421875,-0.081787109375,-0.019775390625,731,732,1023,1023,1021,0,0,0,0
D,-61.31597297950878,77.12300897670208,-23.353456545052776,1.2924684279030505,0.2260526963802016,-1.2272135645688946,-0.947265625,-0.0703125,-0.042724609375,732,735,1023,1023,1021,0,0,0,0
D,-61.4386013507599,77.15808162706661,-23.48764321680593,1.0787279698877832,1.92070918492982,-0.341717381362788,-0.951171875,-0.0888671875,-0.017578125,731,733,1023,1023,1022,0,0,0,0
D,-61.54346610748522,77.18160600047553,-23.599022522493183,0.6359798782847296,0.9054420093573008,-1.0974425722024823,-0.952392578125,-0.082275390625,-0.02685546875,731,735,1021,1023,1021,0,0,0,0
D,-61.66239889395578,77.22353651023275,-23.73921913297185,2.048193618742745,2.325289337601576,0.2689696415379754,-0.945556640625,-0.088623046875,-0.021728515625,730,735,1023,1023,1023,0,0,0,0
D,-61.82445424477714,77.25583932808168,-23.894145878126626,-0.8220353888908429,2.134449642945087,-0.7004960073169864,-0.9384765625,-0.086669921875,-0.02490234375,731,733,1023,1023,1022,0,0,0,0
D,-61.92736424274468,77.29066383325606,-23.995437160302075,-0.1121117247687054,1.149716818517606,0.2231681148204183,-0.959228515625,-0.09130859375,-0.034423828125,731,731,1023,1021,1021,0,0,0,0
D,-62.00399409486844,77.33074429232862,-24.07789696258383,0.6588806416435082,1.0733809406550108,0.7804200232173648,-0.9501953125,-0.09423828125,-0.01904296875,730,733,1023,1021,1023,0,0,0,0
D,-62.09443292660351,77.37091445820818,-24.17765143001206,0.9413233897351112,1.4550603299679878,0.475076511766983,-0.9501953125,-0.082763671875,-0.021484375,731,733,1023,1023,1023,0,0,0,0
D,-62.2352478466696,77.41566775722734,-24.314252641560845,-0.4785239385091635,2.325289337601576,0.6277482674921739,-0.951904296875,-0.088623046875,-0.02392578125,732,731,1023,1023,1022,0,0,0,0
D,-62.32530593857037,77.4556921238674,-24.41082068166921,0.6970485805748059,1.3100221620290566,0.6506490308509525,-0.939208984375,-0.08642578125,-0.027099609375,730,730,1021,1023,1023,0,0,0,0
D,-62.39906349901866,77.4921154546684,-24.49051937798546,0.6588806416435082,0.8596404826397436,0.3834734583318686,-0.948486328125,-0.0810546875,-0.0244140625,731,731,1023,1023,1023,0,0,0,0
D,-62.50939618007211,77.52875625210075,-24.60699815337374,0.5596440004221341,1.6459000246244764,-0.1356105111337802,-0.94677734375,-0.072509765625,-0.01953125,729,731,1023,1021,1023,0,0,0,0
D,-62.68322752199831,77.56321979434762,-24.76911699015225,-1.37165370950153,2.516129032258064,-0.9524044042635512,-0.948974609375,-0.078857421875,-0.000244140625,729,732,1023,1023,1023,0,0,0,0
D,-62.853590668189,77.58696526901588,-24.964354733881617,2.261934076758012,2.523762620044324,-1.9753051676223297,-0.955322265625,-0.083740234375,-0.01318359375,729,730,1023,1023,1016,0,0,0,0
D,-63.12925209544208,77.62227352226074,-25.25525075620039,1.1016287332465615,4.813838955922186,-1.7310303584620246,-0.948486328125,-0.086669921875,-0.01904296875,727,731,1021,1021,1022,0,0,0,0
D,-63.362689006776606,77.66103892178427,-25.50561233999291,1.429873008055722,4.050480177296232,-0.6470608928131694,-0.953125,-0.10205078125,-0.029052734375,731,733,1023,1021,1023,0,0,0,0
D,-63.540031129070925,77.68935685762402,-25.68723811065956,0.3306363668343479,2.2489534597389804,-0.8837021141872152,-0.950927734375,-0.10107421875,-0.031982421875,728,730,1022,1023,1021,0,0,0,0
D,-63.67255503236307,77.71274872214691,-25.82703811346967,0.7657508706511418,1.149716818517606,-0.6775952439582076,-0.937744140625,-0.10693359375,-0.04345703125,727,732,1021,1022,1022,0,0,0,0
D,-63.764068464108185,77.73632972358446,-25.9368452721397,1.9107890385900728,0.6306328490519573,-0.5478242515917957,-0.949462890625,-0.099609375,-0.040283203125,727,729,1023,1022,1021,0,0,0,0
D,-63.77891561657026,77.76854571646324,-25.95978609453166,1.063460794315264,-0.5907411967495694,0.8872902522249984,-0.94580078125,-0.094970703125,-0.03173828125,728,727,1023,1021,1023,0,0,0,0
D,-63.83066145672184,77.79811124652251,-25.99644801855454,-1.2953178316389344,-0.430435853238119,0.4674429239807236,-0.946533203125,-0.092041015625,-0.03076171875,728,726,1018,1021,1022,0,0,0,0
D,-63.91489348156927,77.84238047336765,-26.05987091261204,-1.951806381257256,0.7756710169908886,1.4063742216906472,-0.945068359375,-0.089599609375,-0.0224609375,725,729,1023,1021,1021,0,0,0,0
D,-64.02176937259712,77.88970916642228,-26.157836938379948,-0.8296689766771024,1.5313962078305834,1.4140078094769069,-0.95263671875,-0.08837890625,-0.028564453125,725,728,1023,1023,1022,0,0,0,0
D,-64.1198354139132,77.92124523120084,-26.237695086897325,-1.6922643965244306,0.4321595666092092,0.3300383438280518,-0.949462890625,-0.09716796875,-0.029541015625,726,727,1021,1023,1023,0,0,0,0
D,-64.2048142141022,77.96708467277823,-26.31712512921067,-0.5243254652267209,1.2794878108840184,1.047595595736449,-0.94189453125,-0.0634765625,-0.022705078125,726,727,1022,1022,1021,0,0,0,0
D,-64.38458989849342,78.01120226076601,-26.48172817913182,-1.6006613430893164,2.615365673479438,0.543778801843319,-0.951904296875,-0.092529296875,-0.022216796875,726,729,1023,1021,1022,0,0,0,0
D,-64.4923859981075,78.04514884533407,-26.585558930616443,-0.3640201217152704,1.065747352868751,0.0628627713089677,-0.9501953125,-0.07958984375,-0.028564453125,727,728,1022,1021,1023,0,0,0,0
D,-64.66844304349974,78.07595452061857,-26.757500179591712,-0.3487529461427513,1.8291061314947048,0.3529391071868304,-0.96240234375,-0.11669921875,-0.11376953125,743,721,1022,1021,1017,0,0,0,0
D,-64.79581148382714,78.10830992287687,-26.88777899387321,0.4527737714145006,1.096281704013789,0.9330917789425556,-0.956787109375,-0.119140625,-0.117431640625,740,721,1021,1020,1023,0,0,0,0
D,-64.90112982324753,78.14657495553827,-26.990559797228133,-0.0739437858374078,0.8901748337847818,1.3911070461181283,-0.955322265625,-0.1015625,-0.095947265625,741,719,1023,1023,1023,0,0,0,0
D,-65.05895312738566,78.1750417932879,-27.130505861844203,-1.6846308087381712,1.149716818517606,0.2002673514616395,-0.958984375,-0.099853515625,-0.1025390625,745,722,1023,1023,1023,0,0,0,0
D,-65.20925382044199,78.20575058181407,-27.28303725020024,0.3306363668343479,1.4245259788229496,0.543778801843319,-0.9541015625,-0.114013671875,-0.110595703125,742,721,1023,1023,1023,0,0,0,0
D,-65.38588499375832,78.24396156031175,-27.44996364555809,-0.921272030112217,2.035213001723713,0.8720230766524794,-0.962646484375,-0.097412109375,-0.10791015625,740,720,1023,1023,1023,0,0,0,0
D,-65.47573320199193,78.26945432591553,-27.557675231347776,1.979491328666409,0.3710908643191328,0.3758398705456092,-0.965576171875,-0.10791015625,-0.11083984375,742,721,1023,1022,1023,0,0,0,0
D,-65.60583717292606,78.28871272472686,-27.66707818008015,-1.8678369156084,0.1191824673725679,-0.0898089844162228,-0.951416015625,-0.113037109375,-0.11328125,739,719,1023,1021,1023,0,0,0,0
D,-65.66861454256848,78.31138986420179,-27.74493817067668,1.7581172828648823,-0.2930312730854473,0.3376719316143113,-0.954833984375,-0.107421875,-0.0986328125,740,721,1022,1021,1023,0,0,0,0
D,-65.79261552192008,78.33401975366208,-27.858024209346645,-0.9136384423259574,0.3481901009603543,0.0552291835227083,-0.9560546875,-0.10791015625,-0.099365234375,741,721,1023,1023,1023,0,0,0,0
D,-65.8898167183309,78.35812976561286,-27.95012603916776,-0.2800506560664154,0.0046786505786748,0.4369085728356854,-0.961669921875,-0.11279296875,-0.101318359375,740,721,1023,1023,1023,0,0,0,0
D,-65.99754999411378,78.38946762454486,-28.06250836683951,0.6436134660709891,0.668800787983255,0.8185879621486625,-0.9560546875,-0.09423828125,-0.1240234375,739,727,1023,1023,1023,0,0,0,0
D,-66.14473398884546,78.4202290583214,-28.202036688135586,-0.6388292820206138,1.1420832307313469,0.6048475041333954,-0.953857421875,-0.106201171875,-0.10205078125,739,718,1023,1023,1022,0,0,0,0
D,-66.27134936422466,78.4470978114971,-28.32572484088215,-0.1273789003412245,0.668800787983255,0.4140078094769068,-0.96044921875,-0.102783203125,-0.118896484375,739,721,1021,1023,1021,0,0,0,0
D,-66.4297455579951,78.47482594720304,-28.47727213633896,-0.5624934041580185,1.187884757448904,0.3911070461181281,-0.94873046875,-0.109619140625,-0.11865234375,738,721,1023,1021,1023,0,0,0,0
D,-66.57808115334473,78.50657367655695,-28.63223314225734,0.7733844584374013,1.4168923910366902,0.7040841453547695,-0.95849609375,-0.112548828125,-0.105224609375,741,722,1021,1020,1023,0,0,0,0
D,-66.64747472660609,78.51865819707166,-28.698579821454835,-0.0128750835473314,-0.9953213494213252,-0.3646181447215664,-0.96435546875,-0.115234375,-0.105224609375,742,721,1022,1023,1019,0,0,0,0
D,-66.75399922305984,78.53364801393808,-28.80604589310052,0.3077356034755693,-0.1403595173602564,-0.3951524958666046,-0.95361328125,-0.11279296875,-0.112548828125,740,722,1022,1021,1023,0,0,0,0
D,-66.86339295420225,78.57107303328738,-28.908687690895057,-0.4556231751503848,0.6611672001969955,1.6811833819959907,-0.9560546875,-0.114013671875,-0.103515625,741,722,1021,1022,1023,0,0,0,0
D,-67.00504074462638,78.59155942632682,-29.0409119550667,-0.7838674499595453,0.5313962078305833,-0.120343335561261,-0.95556640625,-0.113037109375,-0.100830078125,741,722,1023,1023,1022,0,0,0,0
D,-67.10896148907042,78.62191982806398,-29.15451533682985,1.1703310233228974,0.5619305589756214,0.9865268934463725,-0.958740234375,-0.115478515625,-0.1044921875,740,724,1023,1021,1021,0,0,0,0
D,-67.2755834915288,78.65636641319135,-29.313124657413816,-0.6998979843106903,1.5466633834031025,0.910191015583777,-0.956298828125,-0.10693359375,-0.103271484375,741,725,1023,1023,1023,0,0,0,0
D,-67.4215674782935,78.68869391426138,-29.45950263710716,0.177964611109157,1.2107855208076823,0.925458191156296,-0.939453125,-0.110595703125,-0.10595703125,739,725,1023,1023,1023,0,0,0,0
D,-67.55373051922237,78.72059532262065,-29.58687806740804,-0.3105850072114536,0.852006894853484,0.9636261300875938,-0.963623046875,-0.1083984375,-0.10693359375,741,724,1023,1022,1023,0,0,0,0
D,-67.6445972243362,78.7503076360138,-29.679750453785022,0.4527737714145006,0.1115488795863084,1.1850001758891209,-0.93798828125,-0.11572265625,-0.105712890625,740,723,1023,1021,1018,0,0,0,0
D,-67.77014224351521,78.77372263515974,-29.79907975665497,-0.4403559995778658,0.3710908643191328,0.2155345270341586,-0.95458984375,-0.103271484375,-0.1083984375,745,722,1022,1023,1021,0,0,0,0
D,-67.93772548186551,78.80116232508084,-29.96288272112573,-0.2800506560664154,1.317655749815316,0.2842368171104945,-0.955078125,-0.10595703125,-0.103759765625,739,725,1023,1023,1021,0,0,0,0
D,-68.07842311600393,78.82565746721089,-30.103550197668834,0.1474302599641189,0.768037429204629,0.2537024659654563,-0.9560546875,-0.108642578125,-0.108642578125,739,724,1021,1022,1023,0,0,0,0
D,-68.2121392794427,78.84970796150488,-30.23194721827742,-0.3487529461427513,0.5084954444718046,0.3911070461181281,-0.944091796875,-0.111572265625,-0.111083984375,740,725,1023,1023,1023,0,0,0,0
D,-68.3682340483433,78.87423451060128,-30.373282264960288,-1.3258521827839729,0.768037429204629,0.2689696415379754,-0.9609375,-0.110107421875,-0.105712890625,739,723,1023,1023,1018,0,0,0,0
D,-68.49541055287115,78.89687047991785,-30.50410011657853,0.5367432370633556,0.5008618566855452,0.1926337636753801,-0.9599609375,-0.111572265625,-0.10400390625,740,725,1023,1021,1023,0,0,0,0
D,-68.62860095188219,78.92069972135536,-30.635121353515128,-0.0281422591198505,0.5161290322580642,0.4674429239807236,-0.950927734375,-0.11962890625,-0.107421875,738,722,1023,1021,1022,0,0,0,0
D,-68.76246494208976,78.94017438536217,-30.76728069639589,0.0023920920251876,0.3939916276779115,-0.0821753966299634,-0.959228515625,-0.112060546875,-0.104248046875,741,725,1021,1022,1022,0,0,0,0
D,-68.91785140409146,78.96990683545073,-30.917160420537865,-0.4174552362190872,1.08864811622753,0.6888169697822504,-0.94970703125,-0.107666015625,-0.098876953125,741,724,1023,1023,1023,0,0,0,0
D,-69.07780536124935,78.99474802010768,-31.06412399377707,-1.1426460759137438,0.8214725437084459,0.4292749850494259,-0.961181640625,-0.117919921875,-0.10595703125,739,723,1022,1023,1021,0,0,0,0
D,-69.22543171964317,79.0165726367011,-31.204277918442685,-0.5853941675167971,0.5924649101206596,0.1086642980265251,-0.951904296875,-0.107666015625,-0.112548828125,740,723,1022,1022,1021,0,0,0,0
D,-69.4038894722978,79.0470481110065,-31.3792513734395,-0.2495163049213772,1.516129032258064,0.7040841453547695,-0.96826171875,-0.114013671875,-0.103271484375,740,722,1023,1023,1022,0,0,0,0
D,-69.63003134600763,79.06775173104595,-31.58653601239956,-1.8449361522496217,1.737503078059591,-0.4104196714391239,-0.95263671875,-0.112548828125,-0.10009765625,740,721,1019,1021,1023,0,0,0,0
D,-69.83745735648668,79.07220570839004,-31.750739737360764,-4.20371477820382,0.401625215464171,-1.6546944805994293,-0.951904296875,-0.109375,-0.10546875,740,727,1023,1015,1023,0,0,0,0
D,-69.9381139509778,79.09084263633622,-31.874654464250906,2.5138424737045773,0.1878847574489038,-0.1050761599887419,-0.961181640625,-0.11083984375,-0.0966796875,739,715,1013,1022,1023,0,0,0,0
D,-70.12442516221282,79.10092195577373,-32.043397569105025,-1.6311956942343542,0.6535336124107359,-0.9982059309811088,-0.953125,-0.11962890625,-0.103515625,739,721,1023,1023,1023,0,0,0,0
D,-70.29070705449614,79.11379114003904,-32.21931263555004,1.0863615576740426,0.8596404826397436,-0.6775952439582076,-0.9560546875,-0.125244140625,-0.107177734375,738,720,1023,1018,1023,0,0,0,0
D,-70.48965153110882,79.13714590957018,-32.416623139081985,-0.0663101980511482,1.569564146761881,0.3147711682555327,-0.9521484375,-0.131591796875,-0.11279296875,738,721,1023,1022,1021,0,0,0,0
D,-70.61833117924076,79.15661656137887,-32.53933193397691,-0.37165370950153,0.1191824673725679,0.3682062827593495,-0.955810546875,-0.13037109375,-0.103515625,739,721,1022,1021,1021,0,0,0,0
D,-70.79733803782659,79.18029183217843,-32.70074471206534,-1.6235621064480947,0.9665107116473772,0.2842368171104945,-0.94921875,-0.1123046875,-0.10693359375,740,723,1021,1021,1021,0,0,0,0
D,-70.9251882642214,79.20176284642318,-32.822964155184536,-0.3640201217152704,0.2107855208076825,0.261336053751716,-0.953125,-0.113037109375,-0.094482421875,740,719,1023,1023,1023,0,0,0,0
D,-71.03644175205432,79.22333168890742,-32.92948353792854,-0.2342491293488582,-0.0945579906426991,0.4903436873395022,-0.958740234375,-0.117919921875,-0.10400390625,738,720,1023,1021,1023,0,0,0,0
D,-71.1467164571221,79.2432965771965,-33.03478713126653,-0.2647834804938963,-0.1556266929327755,0.2537024659654563,-0.968505859375,-0.114501953125,-0.099853515625,739,721,1023,1023,1023,0,0,0,0
D,-71.39692260173017,79.269544041741,-33.27751810169174,-0.7380659232419879,2.4397931543954687,0.2460688781791968,-0.947998046875,-0.12646484375,-0.092041015625,739,720,1023,1022,1021,0,0,0,0
D,-71.662541969256,79.29667810155821,-33.516093376330446,-2.684630808738171,2.371090864319133,0.3758398705456092,-0.95654296875,-0.12353515625,-0.1064453125,740,711,1023,1023,1022,0,0,0,0
D,-71.81934002888042,79.31507453504506,-33.68556676772363,1.4069722446969433,0.8749076582122627,-0.0592746332711848,-0.962646484375,-0.12451171875,-0.1005859375,740,719,1023,1023,1023,0,0,0,0
D,-71.98517475106507,79.32292896102814,-33.84503590053674,-0.4861575262954229,0.3710908643191328,-1.0898089844162229,-0.952392578125,-0.11376953125,-0.1103515625,740,719,1023,1023,1022,0,0,0,0
D,-72.12120097659677,79.33103887998678,-33.97593024198804,-0.3029514194251941,-0.1403595173602564,-0.7768318851795817,-0.949951171875,-0.12158203125,-0.108642578125,740,718,1023,1023,1022,0,0,0,0
D,-72.24028010145054,79.34676002002858,-34.099064242529415,0.6436134660709891,-0.0563900517114014,0.2002673514616395,-0.96826171875,-0.140380859375,-0.093994140625,738,717,1021,1021,1022,0,0,0,0
D,-72.39276978000134,79.36459320932987,-34.248641235196395,-0.0968445491961864,0.4626939177542474,0.2689696415379754,-0.938232421875,-0.135009765625,-0.097900390625,740,719,1021,1022,1023,0,0,0,0
D,-72.57412996412471,79.38559798061894,-34.42461494213085,-0.4021880606465681,1.035213001723713,0.261336053751716,-0.949951171875,-0.127197265625,-0.0966796875,739,718,1022,1022,1019,0,0,0,0
D,-72.75779825055714,79.4130180632503,-34.61263332738924,0.5672775882083937,1.401625215464171,1.0017940690188916,-0.939208984375,-0.133544921875,-0.10693359375,740,717,1022,1023,1021,0,0,0,0
D,-72.96260639369899,79.43577736590622,-34.81373031199051,-0.2724170682801559,1.5008618566855452,0.3453055194005709,-0.951416015625,-0.127197265625,-0.102294921875,737,719,1023,1023,1021,0,0,0,0
D,-73.12314926514695,79.45803078406978,-34.97319325246937,0.0710943821015235,0.7222359024870718,0.6124810919196548,-0.947265625,-0.1259765625,-0.1240234375,739,718,1023,1023,1023,0,0,0,0
D,-73.3394280398275,79.49662508999913,-35.199438088232085,1.048193618742745,2.386358039891652,1.6506490308509525,-0.952392578125,-0.1201171875,-0.104248046875,739,719,1023,1023,1022,0,0,0,0
